contract_id,word_count,num_segments
N2KINC_10_16_1997-EX-10.16-SPONSORSHIP AGREEMENT,5558,25
PREMIERBIOMEDICALINC_05_14_2020-EX-10.2-INTELLECTUAL PROPERTY AGREEMENT,3596,16
IpassInc_20181203_8-K_EX-99.1_11445874_EX-99.1_Reseller Agreement,11394,49
PacificapEntertainmentHoldingsInc_20051115_8-KA_EX-1.01_4300894_EX-1.01_Content License Agreement,2500,12
"FTENETWORKS,INC_02_18_2016-EX-99.4-STRATEGIC ALLIANCE AGREEMENT",5761,26
IGENEBIOTECHNOLOGYINC_05_13_2003-EX-1-JOINT VENTURE AGREEMENT,11330,51
ScansourceInc_20190822_10-K_EX-10.38_11793958_EX-10.38_Distributor Agreement2,2044,9
HertzGroupRealtyTrustInc_20190920_S-11A_EX-10.8_11816941_EX-10.8_Trademark License Agreement,2236,10
SPORTHALEYINC_09_29_1997-EX-10.2-10-ENDORSEMENT AGREEMENT,1537,7
IntegrityFunds_20200121_485BPOS_EX-99.E UNDR CONTR_11948727_EX-99.E UNDR CONTR_Service Agreement,3784,19
"HERTZGLOBALHOLDINGS,INC_07_07_2016-EX-10.4-INTELLECTUAL PROPERTY AGREEMENT",4904,21
Cerus Corporation - FIRST AMEND TO SUPPLY AND MANUFACTURING AGREEMENT,1796,8
BIOPURECORP_06_30_1999-EX-10.13-AGENCY AGREEMENT,5757,24
EbixInc_20010515_10-Q_EX-10.3_4049767_EX-10.3_Co-Branding Agreement,6272,28
GAINSCOINC_01_21_2010-EX-10.41-SPONSORSHIP AGREEMENT,2452,12
MANAKOASERVICESCORP_11_21_2007-EX-7.5-STRATEGIC ALLIANCE AGREEMENT,2355,11
BIOFRONTERAAG_04_29_2019-EX-4.17-SUPPLY AGREEMENT,9771,46
"KIROMICBIOPHARMA,INC_05_11_2020-EX-10.23-CONSULTING AGREEMENT",2766,12
CHANGEPOINTCORP_03_08_2000-EX-10.6-LICENSE AND HOSTING AGREEMENT,18806,84
TodosMedicalLtd_20190328_20-F_EX-4.10_11587157_EX-4.10_Marketing Agreement_ Reseller Agreement,5066,22
NEXSTARFINANCEHOLDINGSINC_03_27_2002-EX-10.26-OUTSOURCING AGREEMENT,18265,85
ATMOSENERGYCORP_11_22_2002-EX-10.17-TRANSPORTATION SERVICE AGREEMENT,2588,11
ZtoExpressCaymanInc_20160930_F-1_EX-10.10_9752871_EX-10.10_Transportation Agreement,1468,6
"PAXMEDICA,INC_07_02_2020-EX-10.12-Master Service Agreement",2694,12
PhoenixNewMediaLtd_20110421_F-1_EX-10.17_6958322_EX-10.17_Content License Agreement,3908,19
ADAMSGOLFINC_03_21_2005-EX-10.17-ENDORSEMENT AGREEMENT,3770,17
IMAGEWARESYSTEMSINC_12_20_1999-EX-10.22-MAINTENANCE AGREEMENT,2925,13
LifewayFoodsInc_20160316_10-K_EX-10.24_9489766_EX-10.24_Endorsement Agreement,1656,8
CytodynInc_20200109_10-Q_EX-10.5_11941634_EX-10.5_License Agreement,24801,110
NATIONALPROCESSINGINC_07_18_1996-EX-10.4-SPONSORSHIP AGREEMENT,4359,20
GridironBionutrientsInc_20171206_8-K_EX-10.1_10972555_EX-10.1_Endorsement Agreement,4601,20
ImineCorp_20180725_S-1_EX-10.5_11275970_EX-10.5_Distributor Agreement,5369,23
DRAGONSYSTEMSINC_01_08_1999-EX-10.17-OUTSOURCING AGREEMENT,1088,5
INTERNATIONALFASTFOODCORP_04_04_1997-EX-99-FRANCHISE AGREEMENT,16157,69
"INTERSECTENT,INC_05_11_2020-EX-10.1-SUPPLY AGREEMENT",5973,27
"ON2TECHNOLOGIES,INC_11_17_2006-EX-10.3-SUPPORT AND MAINTENANCE AGREEMENT",8844,38
CardlyticsInc_20180112_S-1_EX-10.16_11002987_EX-10.16_Maintenance Agreement4,756,4
EtonPharmaceuticalsInc_20191114_10-Q_EX-10.1_11893941_EX-10.1_Development Agreement,10256,45
MTITECHNOLOGYCORP_11_16_2004-EX-10.102-Reseller Agreement Premier Addendum,4685,20
TUNIUCORP_03_06_2014-EX-10-COOPERATION AGREEMENT,2760,13
"UNITEDNATIONALBANCORP_03_03_1999-EX-99-Outsourcing Agreement with the BISYS Group, Inc.",279,2
"ASHWORTHINC_01_29_1999-EX-10.(D)-PROMOTION AGREEMENT AND NANTZ COMMUNICATIONS, INC.",3589,16
ImperialGardenResortInc_20161028_DRS (on F-1)_EX-10.13_9963189_EX-10.13_Outsourcing Agreement,1849,8
LUCIDINC_04_15_2011-EX-10.9-DISTRIBUTOR AGREEMENT,2351,10
INTRICONCORP_03_10_2009-EX-10.22-Strategic Alliance Agreement,7774,35
"BLUEROCKRESIDENTIALGROWTHREIT,INC_06_01_2016-EX-1.1-AGENCY AGREEMENT",20909,95
SmartRxSystemsInc_20180914_1-A_EX1A-6 MAT CTRCT_11351705_EX1A-6 MAT CTRCT_Distributor Agreement,6123,28
EuromediaHoldingsCorp_20070215_10SB12G_EX-10.B(01)_525118_EX-10.B(01)_Content License Agreement,4580,22
LiquidmetalTechnologiesInc_20200205_8-K_EX-10.1_11968198_EX-10.1_Development Agreement,12529,59
"FOUNDATIONMEDICINE,INC_02_02_2015-EX-10.2-Collaboration Agreement",26407,117
ArmstrongFlooringInc_20190107_8-K_EX-10.2_11471795_EX-10.2_Intellectual Property Agreement,8284,37
INKTOMICORP_06_08_1998-EX-10.14-SOFTWARE HOSTING AGREEMENT,9916,44
ImpresseCorp_20000322_S-1A_EX-10.11_5199234_EX-10.11_Co-Branding Agreement,7249,32
"HC2HOLDINGS,INC_05_14_2020-EX-10.1-COOPERATION AGREEMENT",8562,35
"Reinsurance Group of America, Incorporated - A_R REMARKETING  AGREEMENT",16074,72
ALAMOGORDOFINANCIALCORP_12_16_1999-EX-1-AGENCY AGREEMENT,18815,84
Principal Life Insurance Company - Broker Dealer Marketing and Servicing Agreement,4366,19
GpaqAcquisitionHoldingsInc_20200123_S-4A_EX-10.8_11951679_EX-10.8_Service Agreement,8649,38
StaarSurgicalCompany_20180801_10-Q_EX-10.37_11289449_EX-10.37_Distributor Agreement,7649,34
DIVERSINETCORP_03_01_2012-EX-4-RESELLER AGREEMENT,11296,50
PcquoteComInc_19990721_S-1A_EX-10.11_6377149_EX-10.11_Co-Branding Agreement1,3025,13
TELEGLOBEINTERNATIONALHOLDINGSLTD_03_29_2004-EX-10.10-CONSTRUCTION AND MAINTENANCE AGREEMENT,15095,66
ReynoldsConsumerProductsInc_20200121_S-1A_EX-10.22_11948918_EX-10.22_Service Agreement,17207,81
IVILLAGEINC_03_17_1999-EX-10.16-SPONSORSHIP AGREEMENT,3407,15
EMERALDHEALTHTHERAPEUTICSINC_06_10_2020-EX-4.5-CONSULTING AGREEMENT - DR. GAETANO MORELLO N.D. INC.,3192,15
ENTERTAINMENTGAMINGASIAINC_02_15_2005-EX-10.5-DISTRIBUTOR AGREEMENT,6920,32
SUNTRONCORP_05_17_2006-EX-10.22-MAINTENANCE AGREEMENT,4818,21
"FIDELITYNATIONALINFORMATIONSERVICES,INC_08_05_2009-EX-10.3-INTELLECTUAL PROPERTY AGREEMENT",19341,90
ENTRUSTINC_07_24_1998-EX-10.5-STRATEGIC ALLIANCE AGREEMENT,5893,26
MERCATAINC_03_09_2000-EX-10.21-SPONSORSHIP AGREEMENT,3224,15
"SPRINGBANKPHARMACEUTICALS,INC_04_08_2020-EX-99.A-JOINT FILING AGREEMENT",246,1
FEDERATEDGOVERNMENTINCOMESECURITIESINC_04_28_2020-EX-99.SERV AGREE-SERVICES AGREEMENT_POWEROF,2213,10
GOLDRESOURCECORP_12_11_2008-EX-10.1-STRATEGIC ALLIANCE AGREEMENT,8786,40
DYNTEKINC_07_30_1999-EX-10-ONLINE HOSTING AGREEMENT,4009,19
"ELFBEAUTY,INC_07_02_2020-EX-10.1-COOPERATION AGREEMENT",7265,29
MOELIS_CO_03_24_2014-EX-10.19-STRATEGIC ALLIANCE AGREEMENT,18625,83
IDREAMSKYTECHNOLOGYLTD_07_03_2014-EX-10.39-Cooperation Agreement on Mobile Game Business,12072,52
ASIANDRAGONGROUPINC_08_11_2005-EX-10.5-Reseller Agreement,7018,32
REGANHOLDINGCORP_03_31_2008-EX-10-LICENSE AND HOSTING AGREEMENT,8824,39
AlliedEsportsEntertainmentInc_20190815_8-K_EX-10.19_11788293_EX-10.19_Content License Agreement,5471,24
VARIABLESEPARATEACCOUNT_04_30_2014-EX-13.C-UNCONDITIONAL CAPITAL MAINTENANCE AGREEMENT,2381,12
ChinaRealEstateInformationCorp_20090929_F-1_EX-10.32_4771615_EX-10.32_Content License Agreement,7522,35
IntegrityMediaInc_20010329_10-K405_EX-10.17_2373875_EX-10.17_Co-Branding Agreement,3545,16
"GALERATHERAPEUTICS,INC_02_14_2020-EX-99.A-JOINT FILING AGREEMENT",623,3
TRICITYBANKSHARESCORP_05_15_1998-EX-10-OUTSOURCING AGREEMENT,15402,66
"TRANSPHORM,INC_02_14_2020-EX-10.12(1)-JOINT VENTURE AGREEMENT",15468,66
BANUESTRAFINANCIALCORP_09_08_2006-EX-10.16-AGENCY AGREEMENT,7308,34
DOMINIADVISORTRUST_02_18_2005-EX-99.(H)(2)-SPONSORSHIP AGREEMENT,1847,8
PANDIONTHERAPEUTICSHOLDCOLLC_05_22_2020-EX-10.17-CONSULTING AGREEMENT,3527,17
"VNUE,INC_07_10_2015-EX-10.1-SPONSORSHIP AGREEMENT",3207,14
GluMobileInc_20070319_S-1A_EX-10.09_436630_EX-10.09_Content License Agreement3,545,3
MOVADOGROUPINC_04_30_2003-EX-10.28-ENDORSEMENT AGREEMENT,2710,12
"INTELLIGENTHIGHWAYSOLUTIONS,INC_01_18_2018-EX-10.1-Strategic Alliance Agreement",1217,6
VITAMINSHOPPECOMINC_09_13_1999-EX-10.26-SPONSORSHIP AGREEMENT,8223,35
NEONSYSTEMSINC_03_01_1999-EX-10.5-DISTRIBUTOR AGREEMENT_Amendment,2848,12
RareElementResourcesLtd_20171019_SC 13D_EX-99.4_10897534_EX-99.4_Intellectual Property Agreement,5415,25
SouthernStarEnergyInc_20051202_SB-2A_EX-9_801890_EX-9_Affiliate Agreement,3607,16
ScansourceInc_20190822_10-K_EX-10.38_11793958_EX-10.38_Distributor Agreement1,12904,57
SLINGERBAGINC_05_27_2020-EX-10.7-CONSULTING AGREEMENT,5346,25
XYBERNAUTCORP_07_12_2002-EX-4-SPONSORSHIP AGREEMENT,6661,31
SteelVaultCorp_20081224_10-K_EX-10.16_3074935_EX-10.16_Affiliate Agreement,2709,12
ADAPTIMMUNETHERAPEUTICSPLC_04_06_2017-EX-10.11-STRATEGIC ALLIANCE AGREEMENT,15471,69
AimmuneTherapeuticsInc_20200205_8-K_EX-10.3_11967170_EX-10.3_Development Agreement,25298,113
CHINARECYCLINGENERGYCORP_11_14_2013-EX-10.6-Cooperation Agreement,2664,11
"PACIRA PHARMACEUTICALS, INC. - A_R STRATEGIC LICENSING, DISTRIBUTION AND MARKETING AGREEMENT ",22756,102
"MARSHALLHOLDINGSINTERNATIONAL,INC_04_14_2004-EX-10.15-ENDORSEMENT AGREEMENT",1716,8
CcRealEstateIncomeFundadv_20181205_POS 8C_EX-99.(H)(3)_11447739_EX-99.(H)(3)_Marketing Agreement,4695,21
"THERAVANCEBIOPHARMA,INC_05_08_2020-EX-10.2-SERVICE AGREEMENT",5294,23
DYNAMEXINC_06_06_1996-EX-10.4-TRANSPORTATION SERVICES AGREEMENT,6760,30
BLACKSTONEGSOLONG-SHORTCREDITINCOMEFUND_05_11_2020-EX-99.(K)(1)-SERVICE AGREEMENT,8073,37
PalmerSquareCapitalBdcInc_20200116_10-12GA_EX-10.6_11949289_EX-10.6_Trademark License Agreement,2306,12
"TALLGRASSENERGY,LP_02_20_2020-EX-99.26-JOINT FILING AGREEMENT",621,3
WORLDWIDESTRATEGIESINC_11_02_2005-EX-10-RESELLER AGREEMENT,10830,46
NANOPHASETECHNOLOGIESCORP_11_01_2005-EX-99.1-DISTRIBUTOR AGREEMENT,7663,34
SYKESHEALTHPLANSERVICESINC_04_24_1998-EX-10.14-OUTSOURCING AGREEMENT,1876,9
ACCELERATEDTECHNOLOGIESHOLDINGCORP_04_24_2003-EX-10.13-JOINT VENTURE AGREEMENT,1911,8
"HEMISPHERX - Sales, Marketing, Distribution, and Supply Agreement",10901,48
"MACY_S,INC_05_11_2020-EX-99.4-JOINT FILING AGREEMENT",216,1
RUBIOSRESTAURANTSINC_03_31_2008-EX-10.75-SPONSORSHIP AGREEMENT,5760,28
MidwestEnergyEmissionsCorp_20080604_8-K_EX-10.2_3093976_EX-10.2_Content License Agreement,5199,24
"NOVOINTEGRATEDSCIENCES,INC_12_23_2019-EX-10.1-JOINT VENTURE AGREEMENT",3412,16
RandWorldwideInc_20010402_8-KA_EX-10.2_2102464_EX-10.2_Co-Branding Agreement,6718,29
JINGWEIINTERNATIONALLTD_10_04_2007-EX-10.7-INTELLECTUAL PROPERTY AGREEMENT,2356,11
LinkPlusCorp_20050802_8-K_EX-10_3240252_EX-10_Affiliate Agreement,2899,13
"KNOWLABS,INC_08_15_2005-EX-10-INTELLECTUAL PROPERTY AGREEMENT",1970,8
ALLIANCEBANCORPINCOFPENNSYLVANIA_10_18_2006-EX-1.2-AGENCY AGREEMENT,20957,97
MusclepharmCorp_20170208_10-KA_EX-10.38_9893581_EX-10.38_Co-Branding Agreement,13393,60
SENMIAOTECHNOLOGYLTD_02_19_2019-EX-10.5-Collaboration Agreement,11876,55
TomOnlineInc_20060501_20-F_EX-4.46_749700_EX-4.46_Co-Branding Agreement,17487,77
PerformanceSportsBrandsInc_20110909_S-1_EX-10.10_7220214_EX-10.10_Endorsement Agreement,4118,18
GopageCorp_20140221_10-K_EX-10.1_8432966_EX-10.1_Content License Agreement,6030,27
LIMEENERGYCO_09_09_1999-EX-10-DISTRIBUTOR AGREEMENT,5998,27
OLDAPIWIND-DOWNLTD_01_08_2016-EX-1.3-AGENCY AGREEMENT1,15521,59
GlobalTechnologiesGroupInc_20050928_10KSB_EX-10.9_4148808_EX-10.9_Content License Agreement,5899,27
"Sonos, Inc. - Manufacturing Agreement ",17177,72
IdeanomicsInc_20151124_8-K_EX-10.2_9354744_EX-10.2_Content License Agreement,5426,24
WOMENSGOLFUNLIMITEDINC_03_29_2000-EX-10.13-ENDORSEMENT AGREEMENT,4539,20
GSVINC_05_15_1998-EX-10-SPONSORSHIP AGREEMENT,5880,25
ENERGOUSCORP_03_16_2017-EX-10.24-STRATEGIC ALLIANCE AGREEMENT,12422,56
VgrabCommunicationsInc_20200129_10-K_EX-10.33_11958828_EX-10.33_Development Agreement,2297,10
PROFOUNDMEDICALCORP_08_29_2019-EX-4.5-SUPPLY AGREEMENT,10152,46
VnueInc_20150914_8-K_EX-10.1_9259571_EX-10.1_Promotion Agreement,1634,8
OLDAPIWIND-DOWNLTD_01_08_2016-EX-1.3-AGENCY AGREEMENT2,630,3
"PHREESIA,INC_05_28_2019-EX-10.18-STRATEGIC ALLIANCE AGREEMENT",17703,78
GridironBionutrientsInc_20171206_8-K_EX-10.2_10972556_EX-10.2_Endorsement Agreement,529,3
FuelcellEnergyInc_20191106_8-K_EX-10.1_11868007_EX-10.1_Development Agreement,15880,69
"OAKTREECAPITALGROUP,LLC_03_02_2020-EX-10.8-Services Agreement",3194,15
"INNOVIVA,INC_08_07_2014-EX-10.1-COLLABORATION AGREEMENT",28937,129
NICELTD_06_26_2003-EX-4.5-OUTSOURCING AGREEMENT,18608,82
GpaqAcquisitionHoldingsInc_20200123_S-4A_EX-10.6_11951677_EX-10.6_License Agreement,7187,34
"MEETGROUP,INC_06_29_2017-EX-10.1-COOPERATION AGREEMENT",9394,38
BizzingoInc_20120322_8-K_EX-10.17_7504499_EX-10.17_Endorsement Agreement,3696,16
"ROCKYMOUNTAINCHOCOLATEFACTORY,INC_12_23_2019-EX-10.2-STRATEGIC ALLIANCE AGREEMENT",19420,94
"SPIENERGYCO,LTD_07_10_2014-EX-10-Cooperation Agreement of 50MWp Photovoltaic Grid-connected Power Generation Project in Yangqiao of~1",413,2
NmfSlfIInc_20200115_10-12GA_EX-10.5_11946987_EX-10.5_Trademark License Agreement,2694,13
QIWI_06_16_2017-EX-99.(D)(2)-COOPERATION AGREEMENT,4170,17
"HOSPITALITYINVESTORSTRUST,INC_04_07_2014-EX-10.26-FRANCHISE AGREEMENT",23061,100
EmeraldHealthBioceuticalsInc_20200218_1-A_EX1A-6 MAT CTRCT_11987205_EX1A-6 MAT CTRCT_Development Agreement,2606,12
"BERKELEYLIGHTS,INC_06_26_2020-EX-10.12-COLLABORATION AGREEMENT",32708,149
"OMINTO,INC_03_29_2004-EX-10-RESELLER AGREEMENT",3983,18
SPHERE3DCORP_06_24_2020-EX-10.12-CONSULTING AGREEMENT,1897,9
TICKETSCOMINC_06_22_1999-EX-10.22-SPONSORSHIP AGREEMENT,1155,5
WestPharmaceuticalServicesInc_20200116_8-K_EX-10.1_11947529_EX-10.1_Supply Agreement,12651,55
"ONEMAINHOLDINGS,INC_02_20_2020-EX-99.D-JOINT FILING AGREEMENT",944,4
FEDERATEDGOVERNMENTINCOMESECURITIESINC_04_28_2020-EX-99.SERV AGREE-SERVICES AGREEMENT_SECONDAMENDMENT,820,5
"DUOSTECHNOLOGIESGROUP,INC_04_21_2009-EX-10.1-STRATEGIC ALLIANCE AGREEMENT",7148,32
WARNERCHILCOTTPLC_12_31_2003-EX-4.36-DEVELOPMENT AGREEMENT,4152,19
DovaPharmaceuticalsInc_20181108_10-Q_EX-10.2_11414857_EX-10.2_Promotion Agreement,26789,117
ENERGYXXILTD_05_08_2015-EX-10.13-Transportation AGREEMENT,9243,39
2ThemartComInc_19990826_10-12G_EX-10.10_6700288_EX-10.10_Co-Branding Agreement_ Agency Agreement,4467,20
"SightLife Surgical, Inc. - STRATEGIC SALES _ MARKETING AGREEMENT",3604,16
"CARDAX,INC_08_19_2014-EX-10.1-COLLABORATION AGREEMENT",8586,38
NETGROCERINC_07_31_1998-EX-10.15-SPONSORSHIP AGREEMENT,5206,24
PenntexMidstreamPartnersLp_20150416_S-1A_EX-10.4_9042833_EX-10.4_Transportation Agreement,7965,35
PHLVARIABLEINSURANCECOCT_08_17_2009-EX-10.1-STRATEGIC ALLIANCE AGREEMENT,15724,72
RitterPharmaceuticalsInc_20200313_S-4A_EX-10.54_12055220_EX-10.54_Development Agreement,18871,85
ZEBRATECHNOLOGIESCORP_04_16_2014-EX-10.1-INTELLECTUAL PROPERTY AGREEMENT,19581,95
IMMUNOMEDICSINC_08_07_2019-EX-10.1-PROMOTION AGREEMENT,24022,109
"BLUEHILLSBANCORP,INC_05_20_2014-EX-1.1-AGENCY AGREEMENT",21046,93
BLACKBOXSTOCKSINC_08_05_2014-EX-10.1-DISTRIBUTOR AGREEMENT,2706,13
"Array BioPharma Inc. - LICENSE, DEVELOPMENT AND COMMERCIALIZATION AGREEMENT",42742,194
PcquoteComInc_19990721_S-1A_EX-10.11_6377149_EX-10.11_Co-Branding Agreement2,123,1
"BORROWMONEYCOM,INC_06_11_2020-EX-10.1-JOINT VENTURE AGREEMENT",3507,15
VALENCETECHNOLOGYINC_02_14_2003-EX-10-JOINT VENTURE CONTRACT,11008,47
LEJUHOLDINGSLTD_03_12_2014-EX-10.34-INTERNET CHANNEL COOPERATION AGREEMENT,5930,26
VirtuosoSurgicalInc_20191227_1-A_EX1A-6 MAT CTRCT_11933379_EX1A-6 MAT CTRCT_License Agreement,5675,25
AudibleInc_20001113_10-Q_EX-10.32_2599586_EX-10.32_Co-Branding Agreement_ Marketing Agreement_ Investment Distribution Agreement,11211,50
"CORALGOLDRESOURCES,LTD_05_28_2020-EX-4.1-CONSULTING AGREEMENT",4730,21
"SUCAMPOPHARMACEUTICALS,INC_11_04_2015-EX-10.2-STRATEGIC ALLIANCE AGREEMENT",9629,42
STAMPSCOMINC_06_24_1999-EX-10.18-SPONSORSHIP AGREEMENT,5496,24
IbioInc_20200313_8-K_EX-10.1_12052678_EX-10.1_Development Agreement,4657,21
BIOAMBERINC_04_10_2013-EX-10.34-DEVELOPMENT AGREEMENT (1),5818,25
PLAYAHOTELS_RESORTSNV_03_14_2017-EX-10.22-STRATEGIC ALLIANCE AGREEMENT (Hyatt Ziva Cancun),3543,17
SimplicityEsportsGamingCompany_20181130_8-K_EX-10.1_11444071_EX-10.1_Franchise Agreement,4347,19
PfHospitalityGroupInc_20150923_10-12G_EX-10.1_9266710_EX-10.1_Franchise Agreement3,1014,5
"ATHENSBANCSHARESCORP_11_02_2009-EX-1.2-AGENCY AGREEMENT , 2009",23419,105
ALLISONTRANSMISSIONHOLDINGSINC_12_15_2014-EX-99.1-COOPERATION AGREEMENT,5202,20
ATENTOSA_07_06_2020-EX-99.1-JOINT FILING AGREEMENT,357,2
ExactSciencesCorp_20180822_8-K_EX-10.1_11331629_EX-10.1_Promotion Agreement,24685,113
ENTERPRISEPRODUCTSPARTNERSLP_07_08_1998-EX-10.3-TRANSPORTATION CONTRACT,11141,48
EcoScienceSolutionsInc_20180406_8-K_EX-10.1_11135398_EX-10.1_Sponsorship Agreement,1236,6
NYLIACVARIABLEANNUITYSEPARATEACCOUNTIII_04_10_2020-EX-99.8.KK-SERVICE AGREEMENT,1072,6
STWRESOURCESHOLDINGCORP_08_06_2014-EX-10.1-COOPERATION AGREEMENT,4448,20
InvendaCorp_20000828_S-1A_EX-10.2_2588206_EX-10.2_Co-Branding Agreement,14682,62
SoupmanInc_20150814_8-K_EX-10.1_9230148_EX-10.1_Franchise Agreement2,844,4
WELLSFARGOMORTGAGEBACKEDSECURITIES2006-6TRUST_05_11_2006-EX-10.3-Yield Maintenance Agreement,5299,26
"IPAYMENT,INC_05_14_2007-EX-10.1-SPONSORSHIP AGREEMENT",14652,65
IdeanomicsInc_20160330_10-K_EX-10.26_9512211_EX-10.26_Content License Agreement,6321,28
FerroglobePlc_20150624_F-4A_EX-10.20_9154746_EX-10.20_Outsourcing Agreement,4627,20
MorganStanleyDirectLendingFund_20191119_10-12GA_EX-10.5_11898508_EX-10.5_Trademark License Agreement,2438,11
InnerscopeHearingTechnologiesInc_20181109_8-K_EX-10.6_11419704_EX-10.6_Distributor Agreement,3360,15
HEALTHGATEDATACORP_11_24_1999-EX-10.1-HOSTING AND MANAGEMENT AGREEMENT (1),17975,76
"SIBANNAC,INC_12_04_2017-EX-2.1-Strategic Alliance Agreement",1236,6
DataCallTechnologies_20060918_SB-2A_EX-10.9_944510_EX-10.9_Content License Agreement,1666,8
NakedBrandGroupInc_20150731_POS AM (on S-1)_EX-10.75_9196027_EX-10.75_Endorsement Agreement,7601,34
VerizonAbsLlc_20200123_8-K_EX-10.4_11952335_EX-10.4_Service Agreement,45143,205
FUSIONPHARMACEUTICALSINC_06_05_2020-EX-10.17-Supply Agreement - FUSION,6318,28
ArcGroupInc_20171211_8-K_EX-10.1_10976103_EX-10.1_Sponsorship Agreement,2622,11
"IOVANCEBIOTHERAPEUTICS,INC_08_03_2017-EX-10.1-STRATEGIC ALLIANCE AGREEMENT",10693,48
UsioInc_20040428_SB-2_EX-10.11_1723988_EX-10.11_Affiliate Agreement 2,3740,17
RangeResourcesLouisianaInc_20150417_8-K_EX-10.5_9045501_EX-10.5_Transportation Agreement,15659,69
LOGANSROADHOUSEINC_03_27_1998-EX-10.17-SPONSORSHIP AGREEMENT,2865,13
FulucaiProductionsLtd_20131223_10-Q_EX-10.9_8368347_EX-10.9_Content License Agreement,2804,12
TheglobeComInc_19990503_S-1A_EX-10.20_5416126_EX-10.20_Co-Branding Agreement,6614,28
CybergyHoldingsInc_20140520_10-Q_EX-10.27_8605784_EX-10.27_Affiliate Agreement,5326,23
CHIPMOSTECHNOLOGIESBERMUDALTD_04_18_2016-EX-4.72-Strategic Alliance Agreement,2026,10
"MFAFINANCIAL,INC_07_06_2020-EX-99.D-JOINT FILING AGREEMENT",578,3
WebmdHealthCorp_20050908_S-1A_EX-10.7_1027007_EX-10.7_Content License Agreement,2356,10
INGEVITYCORP_05_16_2016-EX-10.5-INTELLECTUAL PROPERTY AGREEMENT,9967,48
"GIGGLESN_HUGS,INC_06_23_2016-EX-10.2-STRATEGIC ALLIANCE AGREEMENT",3430,15
GluMobileInc_20070319_S-1A_EX-10.09_436630_EX-10.09_Content License Agreement2,1853,8
PareteumCorp_20081001_8-K_EX-99.1_2654808_EX-99.1_Hosting Agreement,10213,45
PcquoteComInc_19990721_S-1A_EX-10.11_6377149_EX-10.11_Co-Branding Agreement3,395,2
"ADIANUTRITION,INC_04_01_2005-EX-10.D2-RESELLER AGREEMENT",4051,18
"VAPOTHERM, INC. - Manufacturing and Supply Agreement",11847,52
BICYCLETHERAPEUTICSPLC_03_10_2020-EX-10.11-SERVICE AGREEMENT,9252,42
Microgenics Corporation - Collaborative Development and Commercialization Agreement,28415,125
FEDERATEDGOVERNMENTINCOMESECURITIESINC_04_28_2020-EX-99.SERV AGREE-SERVICES AGREEMENT,1762,8
WOMENSGOLFUNLIMITEDINC_03_29_2000-EX-10.13-ENDORSEMENT AGREEMENT - Intellectual Property Rights                 Confidentiality and Non-Use Obligations Agreement,940,5
MANUFACTURERSSERVICESLTD_06_05_2000-EX-10.14-OUTSOURCING AGREEMENT,41962,181
BIOCEPTINC_08_19_2013-EX-10-COLLABORATION AGREEMENT,12142,54
PlayboyEnterprisesInc_20090220_10-QA_EX-10.2_4091580_EX-10.2_Content License Agreement_ Marketing Agreement_ Sales-Purchase Agreement2,526,3
VERTICALNETINC_04_01_2002-EX-10.19-MAINTENANCE AND SUPPORT AGREEMENT,10705,46
WESTERN COPPER - NON-COMPETITION AGREEMENT,2626,12
PhasebioPharmaceuticalsInc_20200330_10-K_EX-10.21_12086810_EX-10.21_Development Agreement,45650,209
SEPARATEACCOUNTIIOFAGL_05_02_2011-EX-99.(J)(4)-UNCONDITIONAL CAPITAL MAINTENANCE AGREEMENT,2845,15
"KIROMICBIOPHARMA,INC_04_08_2020-EX-10.28-JOINT VENTURE AGREEMENT",5749,26
VERSOTECHNOLOGIESINC_12_28_2007-EX-99.3-INTELLECTUAL PROPERTY AGREEMENT,739,4
REWALKROBOTICSLTD_07_10_2014-EX-10.2-STRATEGIC ALLIANCE AGREEMENT,2320,10
PhotronicsInc_20171219_10-QA_EX-10.28_10982650_EX-10.28_Outsourcing Agreement,3937,18
CardlyticsInc_20180112_S-1_EX-10.16_11002987_EX-10.16_Maintenance Agreement1,25087,109
BIOAMBERINC_04_10_2013-EX-10.34-DEVELOPMENT AGREEMENT - First Amendment,940,5
"VIRTUALSCOPICS,INC_11_12_2010-EX-10.1-STRATEGIC ALLIANCE AGREEMENT",7273,32
UpjohnInc_20200121_10-12G_EX-2.6_11948692_EX-2.6_Manufacturing Agreement_ Supply Agreement,33948,153
FuseMedicalInc_20190321_10-K_EX-10.43_11575454_EX-10.43_Distributor Agreement,5339,23
VERICELCORP_08_06_2019-EX-10.10-SUPPLY AGREEMENT,15862,71
OPERALTD_04_30_2020-EX-4.14-SERVICE AGREEMENT,3326,14
LECLANCHÃ‰ S.A. - JOINT DEVELOPMENT AND MARKETING AGREEMENT,3207,15
AgapeAtpCorp_20191202_10-KA_EX-10.1_11911128_EX-10.1_Supply Agreement,3292,14
"XLITECHNOLOGIES,INC_12_02_2015-EX-10.02-STRATEGIC ALLIANCE AGREEMENT",875,4
StampscomInc_20001114_10-Q_EX-10.47_2631630_EX-10.47_Co-Branding Agreement,11730,50
SoupmanInc_20150814_8-K_EX-10.1_9230148_EX-10.1_Franchise Agreement3,438,2
Quaker Chemical Corporation - NON COMPETITION AND NON SOLICITATION AGREEMENT,3488,15
FIBROGENINC_10_01_2014-EX-10.11-COLLABORATION AGREEMENT,24526,113
"DRIVENDELIVERIES,INC_05_22_2020-EX-10.4-CONSULTING AGREEMENT",4188,20
GarrettMotionInc_20181001_8-K_EX-2.4_11364532_EX-2.4_Intellectual Property Agreement,8757,40
EhaveInc_20190515_20-F_EX-4.44_11678816_EX-4.44_License Agreement_ Reseller Agreement,13634,64
"KUBIENT,INC_07_02_2020-EX-10.14-MASTER SERVICES AGREEMENT_Part2",1185,6
MARTINMIDSTREAMPARTNERSLP_01_23_2004-EX-10.3-TRANSPORTATION SERVICES AGREEMENT,2175,11
LegacyEducationAllianceInc_20200330_10-K_EX-10.18_12090678_EX-10.18_Development Agreement,7337,32
"MetLife, Inc. - Remarketing Agreement",17518,73
ASPIRITYHOLDINGSLLC_05_07_2012-EX-10.6-OUTSOURCING AGREEMENT,10095,44
"ETELOS,INC_03_09_2004-EX-10.8-DISTRIBUTOR AGREEMENT",3863,17
SoupmanInc_20150814_8-K_EX-10.1_9230148_EX-10.1_Franchise Agreement4,492,3
ThriventVariableInsuranceAccountB_20190701_N-6_EX-99.D(IV)_11720968_EX-99.D(IV)_Endorsement Agreement,735,3
DeltathreeInc_19991102_S-1A_EX-10.19_6227850_EX-10.19_Co-Branding Agreement_ Service Agreement,4070,19
"GRIDIRONBIONUTRIENTS,INC_02_05_2020-EX-10.3-SUPPLY AGREEMENT",903,4
KitovPharmaLtd_20190326_20-F_EX-4.15_11584449_EX-4.15_Manufacturing Agreement,8964,42
ELECTRAMECCANICA VEHICLES CORP. - Manufacturing Agreement,7251,31
EdietsComInc_20001030_10QSB_EX-10.4_2606646_EX-10.4_Co-Branding Agreement,9075,42
"ADUROBIOTECH,INC_06_02_2020-EX-10.7-CONSULTING AGREEMENT",1850,8
NeuroboPharmaceuticalsInc_20190903_S-4_EX-10.36_11802165_EX-10.36_Manufacturing Agreement_ Supply Agreement,3094,14
"MIDDLEBROOKPHARMACEUTICALS,INC_03_18_2010-EX-10.1-PROMOTION AGREEMENT",8879,40
"PRECIGEN,INC_01_22_2020-EX-99.1-JOINT FILING AGREEMENT",145,1
PaperexchangeComInc_20000322_S-1A_EX-10.4_5202103_EX-10.4_Co-Branding Agreement,12480,56
"LEGACYTECHNOLOGYHOLDINGS,INC_12_09_2005-EX-10.2-DISTRIBUTOR AGREEMENT",1937,8
CENTRACKINTERNATIONALINC_10_29_1999-EX-10.3-WEB SITE HOSTING AGREEMENT,2280,10
CardlyticsInc_20180112_S-1_EX-10.16_11002987_EX-10.16_Maintenance Agreement2,387,2
HUBEIMINKANGPHARMACEUTICALLTD_09_19_2006-EX-10.1-OUTSOURCING AGREEMENT,1836,8
SalesforcecomInc_20171122_10-Q_EX-10.1_10961535_EX-10.1_Reseller Agreement,435,2
FLOTEKINDUSTRIESINCCN_05_09_2019-EX-10.1-SUPPLY AGREEMENT,3037,13
PelicanDeliversInc_20200211_S-1_EX-10.3_11975895_EX-10.3_Development Agreement1,2820,12
"CERES,INC_01_25_2012-EX-10.20-Collaboration Agreement",45577,193
MphaseTechnologiesInc_20030911_10-K_EX-10.15_1560667_EX-10.15_Co-Branding Agreement,1169,5
"VAXCYTE,INC_05_22_2020-EX-10.19-SUPPLY AGREEMENT",15227,69
SLOVAKWIRELESSFINANCECOBV_03_28_2001-EX-4.(B)(II).3-Maintenance and support contract for SICAP(R) modules,3435,15
WaterNowInc_20191120_10-Q_EX-10.12_11900227_EX-10.12_Distributor Agreement,7396,32
BEYONDCOMCORP_08_03_2000-EX-10.2-CO-HOSTING AGREEMENT,7991,37
"GSITECHNOLOGYINC_11_16_2009-EX-10.2-INTELLECTUAL PROPERTY AGREEMENT between SONY ELECTRONICS INC. and GSI TECHNOLOGY, INC.",5558,26
HYPERIONSOFTWARECORP_09_28_1994-EX-10.47-EXCLUSIVE DISTRIBUTOR AGREEMENT,5290,23
KENTUCKYUTILITIESCO_03_25_2003-EX-10.65-TRANSPORTATION AGREEMENT,2578,11
"SOLUTIONSVENDINGINTERNATIONAL,INC_03_31_2020-EX1A-1 UNDR AGMT-SERVICES AGREEMENT",1122,5
"OASYSMOBILE,INC_07_05_2001-EX-10.17-OUTSOURCING AGREEMENT",8147,35
"BABCOCK_WILCOXENTERPRISES,INC_08_04_2015-EX-10.17-INTELLECTUAL PROPERTY AGREEMENT between THE BABCOCK _ WILCOX COMPANY and BABCOCK _ WILCOX ENTERPRISES, INC.",16565,79
ALCOSTORESINC_12_14_2005-EX-10.26-AGENCY AGREEMENT,1807,9
SigaTechnologiesInc_20190603_8-K_EX-10.1_11695818_EX-10.1_Promotion Agreement,22348,101
"NETGEAR,INC_04_21_2003-EX-10.16- AMENDMENT #2 TO THE DISTRIBUTION AGREEMENT",555,3
ReedsInc_20191113_10-Q_EX-10.4_11888303_EX-10.4_Development Agreement,4301,20
XpresspaGroupInc_20190401_10-K_EX-10.28_11599457_EX-10.28_Marketing Agreement,8460,39
BUFFALOWILDWINGSINC_06_05_1998-EX-10.3-FRANCHISE AGREEMENT,23663,106
QBIOMEDINC_04_08_2020-EX-99.1-JOINT FILING AGREEMENT,429,2
PRIMEENERGYRESOURCESCORP_04_02_2007-EX-10.28-COMPLETION AND LIQUIDITY MAINTENANCE AGREEMENT,742,4
PrudentialBancorpInc_20170606_8-K_EX-10.4_10474434_EX-10.4_Endorsement Agreement,2264,10
JOINTCORP_09_19_2014-EX-10.15-FRANCHISE AGREEMENT,26623,116
PROLONGINTERNATIONALCORP_03_23_1998-EX-10.16-SPONSORSHIP AGREEMENT,2180,10
QuantumGroupIncFl_20090120_8-K_EX-99.2_3672910_EX-99.2_Hosting Agreement,17414,75
PelicanDeliversInc_20200211_S-1_EX-10.3_11975895_EX-10.3_Development Agreement2,4870,21
ParatekPharmaceuticalsInc_20170505_10-KA_EX-10.29_10323872_EX-10.29_Outsourcing Agreement,17726,76
OFGBANCORP_03_28_2007-EX-10.23-OUTSOURCING AGREEMENT,24004,103
AlliedEsportsEntertainmentInc_20190815_8-K_EX-10.34_11788308_EX-10.34_Sponsorship Agreement,5852,27
LOOKSMARTLTD_07_20_2012-EX-99.(D)(I)-SPONSORSHIP AGREEMENT,3945,19
STARTECGLOBALCOMMUNICATIONSCORP_11_16_1998-EX-10.30-CONSTRUCTION AND MAINTENANCE AGREEMENT,14551,64
"Columbia Laboratories, (Bermuda) Ltd. - AMEND NO. 2 TO MANUFACTURING AND SUPPLY AGREEMENT",7145,33
"WASTE2ENERGYHOLDINGS,INC_06_03_2010-EX-10.2-STRATEGIC ALLIANCE AGREEMENT",6187,30
"Antares Pharma, Inc. - Manufacturing Agreement",16365,74
"COOLTECHNOLOGIES,INC_10_25_2017-EX-10.71-Strategic Alliance Agreement",2154,10
AzulSa_20170303_F-1A_EX-10.3_9943903_EX-10.3_Maintenance Agreement1,34155,147
VitalibisInc_20180316_8-K_EX-10.2_11100168_EX-10.2_Hosting Agreement,7045,30
"MEDALISTDIVERSIFIEDREIT,INC_05_18_2020-EX-10.1-CONSULTING AGREEMENT",3724,17
"NETGEAR,INC_04_21_2003-EX-10.16-AMENDMENT TO THE DISTRIBUTOR AGREEMENT BETWEEN INGRAM MICRO AND NETGEAR",973,4
DRKOOPCOMINC_04_21_1999-EX-10.28-SPONSORSHIP AGREEMENT,5546,24
AzulSa_20170303_F-1A_EX-10.3_9943903_EX-10.3_Maintenance Agreement2,2549,12
"OPTIMIZEDTRANSPORTATIONMANAGEMENT,INC_07_26_2000-EX-6.6-DISTRIBUTOR AGREEMENT",1367,6
GluMobileInc_20070319_S-1A_EX-10.09_436630_EX-10.09_Content License Agreement1,17147,77
"SPOKHOLDINGS,INC_06_19_2020-EX-10.1-COOPERATION AGREEMENT",2842,14
CardlyticsInc_20180112_S-1_EX-10.16_11002987_EX-10.16_Maintenance Agreement3,251,1
HPILHOLDING_01_07_2015-EX-99.1-COOPERATION AGREEMENT,2626,12
PfHospitalityGroupInc_20150923_10-12G_EX-10.1_9266710_EX-10.1_Franchise Agreement1,24389,103
"BELLICUMPHARMACEUTICALS,INC_05_07_2019-EX-10.1-Supply Agreement",28275,130
CHEETAHMOBILEINC_04_22_2014-EX-10.43-Cooperation Agreement,6230,28
EmmisCommunicationsCorp_20191125_8-K_EX-10.6_11906433_EX-10.6_Marketing Agreement,2709,12
"XLITECHNOLOGIES,INC_12_11_2015-EX-10.1-Sponsorship Agreement",2851,12
ORBSATCORP_08_17_2007-EX-7.3-STRATEGIC ALLIANCE AGREEMENT,2909,13
MRSFIELDSORIGINALCOOKIESINC_01_29_1998-EX-10-FRANCHISE AGREEMENT,33705,146
GALACTICOMMTECHNOLOGIESINC_11_07_1997-EX-10.46-WEB HOSTING AGREEMENT,223,1
SFGFINANCIALCORP_05_12_2009-EX-10.1-SOFTWARE LICENSE AND MAINTENANCE AGREEMENT,7749,36
RgcResourcesInc_20151216_8-K_EX-10.3_9372751_EX-10.3_Franchise Agreement,805,4
SECURIANFUNDSTRUST_05_01_2012-EX-99.28.H.9-NET INVESTMENT INCOME MAINTENANCE AGREEMENT,1538,7
"ADMA BioManufacturing, LLC -  Amendment #3 to Manufacturing Agreement ",2478,11
"SPIENERGYCO,LTD_03_09_2011-EX-99.5-OPERATIONS AND MAINTENANCE AGREEMENT",8153,35
ScansourceInc_20190822_10-K_EX-10.39_11793959_EX-10.39_Distributor Agreement,1605,8
EcoScienceSolutionsInc_20171117_8-K_EX-10.1_10956472_EX-10.1_Endorsement Agreement,2843,13
PACIFICSYSTEMSCONTROLTECHNOLOGYINC_08_24_2000-EX-10.53-SPONSORSHIP AGREEMENT,682,3
ConformisInc_20191101_10-Q_EX-10.6_11861402_EX-10.6_Development Agreement,9583,44
TEARDROPGOLFCO_10_23_1996-EX-10.12-ENDORSEMENT AGREEMENT,3682,18
RMRGROUPINC_01_22_2020-EX-99.1-JOINT FILING AGREEMENT,109,1
EmbarkComInc_19991008_S-1A_EX-10.10_6487661_EX-10.10_Co-Branding Agreement,5039,22
"CURAEGISTECHNOLOGIES,INC_05_26_2010-EX-1-CORPORATE SPONSORSHIP AGREEMENT",1975,9
"VEONEER,INC_02_21_2020-EX-10.11-JOINT VENTURE AGREEMENT",1334,6
ClickstreamCorp_20200330_1-A_EX1A-6 MAT CTRCT_12089935_EX1A-6 MAT CTRCT_Development Agreement,5445,24
HealthcareIntegratedTechnologiesInc_20190812_8-K_EX-10.1_11776966_EX-10.1_Reseller Agreement,3519,15
DigitalCinemaDestinationsCorp_20111220_S-1_EX-10.10_7346719_EX-10.10_Affiliate Agreement,16673,77
LOYALTYPOINTINC_11_16_2004-EX-10.2-RESELLER AGREEMENT,12890,55
CYBERIANOUTPOSTINC_07_09_1998-EX-10.13-PROMOTION AGREEMENT,3450,15
Apollo Endosurgery - Manufacturing and Supply Agreement,7248,31
TRANSMONTAIGNEPARTNERSLLC_03_13_2020-EX-10.9-SERVICES AGREEMENT,880,4
VERTEXENERGYINC_08_14_2014-EX-10.24-OPERATION AND MAINTENANCE AGREEMENT,8601,40
BLACKROCKMUNIHOLDINGSINVESTMENTQUALITYFUND_04_07_2020-EX-99.01-JOINT FILING AGREEMENT,201,1
InmodeLtd_20190729_F-1A_EX-10.9_11743243_EX-10.9_Manufacturing Agreement,6122,26
GRANTIERRAENERGYINC_05_07_2012-EX-10.6-TRANSPORTATION CONTRACT,35339,150
EUROPEANMICROHOLDINGSINC_03_06_1998-EX-10.6-DISTRIBUTOR AGREEMENT,7939,37
BellringBrandsInc_20190920_S-1_EX-10.12_11817081_EX-10.12_Manufacturing Agreement2,344,2
GLOBALTECHNOLOGIESLTD_06_08_2020-EX-10.16-CONSULTING AGREEMENT,3199,14
NlsPharmaceuticsLtd_20200228_F-1_EX-10.14_12029046_EX-10.14_Development Agreement,10546,48
XinhuaSportsEntertainmentLtd_20070221_F-1_EX-99.4_645553_EX-99.4_Content License Agreement,2472,11
BLUEFLYINC_03_27_2002-EX-10.27-e-business Hosting Agreement,5136,22
PlayboyEnterprisesInc_20090220_10-QA_EX-10.2_4091580_EX-10.2_Content License Agreement_ Marketing Agreement_ Sales-Purchase Agreement1,17994,80
BellringBrandsInc_20190920_S-1_EX-10.12_11817081_EX-10.12_Manufacturing Agreement3,1240,6
"ARMSTRONGFLOORING,INC_01_07_2019-EX-10.2-INTELLECTUAL PROPERTY AGREEMENT",10349,47
LegacyEducationAllianceInc_20141110_8-K_EX-10.9_8828866_EX-10.9_Endorsement Agreement,3149,15
TcPipelinesLp_20160226_10-K_EX-99.12_9454048_EX-99.12_Transportation Agreement,916,4
NEOMEDIATECHNOLOGIESINC_12_15_2005-EX-16.1-DISTRIBUTOR AGREEMENT,4973,23
HerImports_20161018_8-KA_EX-10.14_9765707_EX-10.14_Maintenance Agreement,1595,7
CCAINDUSTRIESINC_04_14_2014-EX-10.1-OUTSOURCING AGREEMENT,4889,22
SONUSCORP_03_12_1997-EX-10.11-SPONSORSHIP AGREEMENT,3891,19
BerkshireHillsBancorpInc_20120809_10-Q_EX-10.16_7708169_EX-10.16_Endorsement Agreement,4466,19
AIRSPANNETWORKSINC_04_11_2000-EX-10.5-Distributor Agreement,10292,46
SANDRIDGEENERGYINC_08_06_2009-EX-10.6-OPERATIONS AND MAINTENANCE AGREEMENT,10964,48
UAGHINC_04_14_2004-EX-10.18-MAINTENANCE AGREEMENT,2676,12
MSCIINC_02_28_2008-EX-10.10-,1851,9
"Loop Industries, Inc. - Marketing Agreement",5244,23
HYDRONTECHNOLOGIESINC_03_31_1997-EX-10.47-SPONSORSHIP AGREEMENT,4114,19
MEDIWOUNDLTD_01_15_2014-EX-10.6-SUPPLY AGREEMENT,7708,33
CUROGROUPHOLDINGSCORP_05_04_2020-EX-10.3-SERVICING AGREEMENT,5793,27
HealthcentralCom_19991108_S-1A_EX-10.27_6623292_EX-10.27_Co-Branding Agreement,6492,31
HOLIDAYRVSUPERSTORESINC_04_15_2002-EX-10.13-ENDORSEMENT AGREEMENT,2189,10
FEDERATEDGOVERNMENTINCOMESECURITIESINC_04_28_2020-EX-99.SERV AGREE-SERVICES AGREEMENT_AMENDMENT,564,3
SPARKLINGSPRINGWATERHOLDINGSLTD_07_03_2002-EX-10.13-SOFTWARE LICENSE AND MAINTENANCE AGREEMENT,3885,18
"Zounds Hearing, Inc. - MANUFACTURING DESIGN MARKETING AGREEMENT",6897,31
BONTONSTORESINC_04_20_2018-EX-99.3-AGENCY AGREEMENT,26842,112
"KUBIENT,INC_07_02_2020-EX-10.14-MASTER SERVICES AGREEMENT_Part1",4014,18
UnionDentalHoldingsInc_20050204_8-KA_EX-10_3345577_EX-10_Affiliate Agreement,1850,9
RISEEDUCATIONCAYMANLTD_04_17_2020-EX-4.23-SERVICE AGREEMENT,2394,10
"WHITESMOKE,INC_11_08_2011-EX-10.26-PROMOTION AND DISTRIBUTION AGREEMENT",11313,49
SCOUTCAMINC_05_12_2020-EX-10.22-SERVICES AGREEMENT,1305,6
SoupmanInc_20150814_8-K_EX-10.1_9230148_EX-10.1_Franchise Agreement1,22750,101
GluMobileInc_20070319_S-1A_EX-10.09_436630_EX-10.09_Content License Agreement4,291,2
BOLIVARMININGCORP_05_23_2003-EX-2.1-VISP WEB SITE BUILDING AND HOSTING AGREEMENT,1736,8
WEBHELPCOMINC_03_22_2000-EX-10.8-HOSTING AGREEMENT,2955,13
"ADUROBIOTECH,INC_06_02_2020-EX-10.7-CONSULTING AGREEMENT(1)",1850,8
LejuHoldingsLtd_20140121_DRS (on F-1)_EX-10.26_8473102_EX-10.26_Content License Agreement2,327,2
MACROGENICSINC_08_02_2013-EX-10-COLLABORATION AGREEMENT,25333,112
"CANOPETROLEUM,INC_12_13_2007-EX-10.1-Sponsorship Agreement",1449,6
NUVEEN - REMARKETING AGREEMENT,11298,51
TRUENORTHENERGYCORP_02_08_2007-EX-10.1-DEVELOPMENT AGREEMENT,6961,32
"VIRGINGALACTICHOLDINGS,INC_04_08_2020-EX-99.1-JOINT FILING STATEMENT",188,1
PapaJohnsInternationalInc_20190617_8-K_EX-10.1_11707365_EX-10.1_Endorsement Agreement,10661,47
LejuHoldingsLtd_20140121_DRS (on F-1)_EX-10.26_8473102_EX-10.26_Content License Agreement1,7198,34
CHERRYHILLMORTGAGEINVESTMENTCORP_09_26_2013-EX-10.1-Strategic Alliance Agreement,4441,20
BANGIINC_05_25_2005-EX-10-Premium Managed Hosting Agreement,302,2
AIRTECHINTERNATIONALGROUPINC_05_08_2000-EX-10.4-FRANCHISE AGREEMENT,11368,50
CerenceInc_20191002_8-K_EX-10.4_11827494_EX-10.4_Intellectual Property Agreement,9608,45
ABILITYINC_06_15_2020-EX-4.25-SERVICES AGREEMENT,4115,18
ArtaraTherapeuticsInc_20200110_8-K_EX-10.5_11943350_EX-10.5_License Agreement,5818,26
"OTISWORLDWIDECORP_04_03_2020-EX-10.4-INTELLECTUAL PROPERTY AGREEMENT by and among UNITED TECHNOLOGIES CORPORATION, OTIS WORLDWIDE CORPORATION and CARRIER ~1",9672,44
BravatekSolutionsInc_20170418_8-K_EX-10.1_10205739_EX-10.1_Reseller Agreement,2384,10
AULAMERICANUNITTRUST_04_24_2020-EX-99.8.77-SERVICING AGREEMENT,5607,26
PharmagenInc_20120803_8-KA_EX-10.1_7693204_EX-10.1_Endorsement Agreement,2778,13
SMITHELECTRICVEHICLESCORP_04_04_2012-EX-10.26-FLEET MAINTENANCE AGREEMENT,13201,59
TubeMediaCorp_20060310_8-K_EX-10.1_513921_EX-10.1_Affiliate Agreement,10728,50
BNCMORTGAGEINC_05_17_1999-EX-10.4-LICENSING AND WEB SITE HOSTING AGREEMENT,4739,23
AMERICANPHYSICIANSCAPITALINC_03_31_2003-EX-10.26-AGENCY AGREEMENT,2901,13
LohaCompanyltd_20191209_F-1_EX-10.16_11917878_EX-10.16_Supply Agreement,1880,8
RaeSystemsInc_20001114_10-Q_EX-10.57_2631790_EX-10.57_Co-Branding Agreement,5582,24
ON4COMMUNICATIONSINC_07_02_2009-EX-10.1-PROMOTION AGREEMENT,2349,10
NETZEEINC_11_14_2002-EX-10.3-MAINTENANCE AGREEMENT,464,3
CoherusBiosciencesInc_20200227_10-K_EX-10.29_12021376_EX-10.29_Development Agreement,21991,98
MPLXLP_06_17_2015-EX-10.1-TRANSPORTATION SERVICES AGREEMENT,8966,41
ANIXABIOSCIENCESINC_06_09_2020-EX-10.1-COLLABORATION AGREEMENT,6178,28
WARNINGMANAGEMENTSERVICESINC_12_10_1999-EX-10-ENDORSEMENT AGREEMENT,4602,20
MOSSIMOINC_04_14_2000-EX-10.14-ENDORSEMENT AGREEMENT,3480,15
CreditcardscomInc_20070810_S-1_EX-10.33_362297_EX-10.33_Affiliate Agreement,4045,17
LIGHTBRIDGECORP_11_23_2015-EX-10.26-STRATEGIC ALLIANCE AGREEMENT,3023,14
NEONSYSTEMSINC_03_01_1999-EX-10.5-DISTRIBUTOR AGREEMENT_New,8888,40
Monsanto Company - SECOND A_R EXCLUSIVE AGENCY AND MARKETING AGREEMENT ,33833,156
ZogenixInc_20190509_10-Q_EX-10.2_11663313_EX-10.2_Distributor Agreement,26626,120
TRIZETTOGROUPINC_08_18_1999-EX-10.17-TECHNICAL INFRASTRUCTURE MAINTENANCE AGREEMENT,2208,10
HfEnterprisesInc_20191223_S-1_EX-10.22_11931299_EX-10.22_Development Agreement,2923,13
NELNETINC_04_08_2020-EX-1-JOINT FILING AGREEMENT,170,1
KINGPHARMACEUTICALSINC_08_09_2006-EX-10.1-PROMOTION AGREEMENT,26840,121
"GOOSEHEADINSURANCE,INC_04_02_2018-EX-10.6-Franchise Agreement",47733,212
IMPCOTECHNOLOGIESINC_04_15_2003-EX-10.65-JOINT VENTURE AGREEMENT,10211,43
HEALTHGATEDATACORP_11_24_1999-EX-10.1-HOSTING AND MANAGEMENT AGREEMENT - Escrow Agreement,4201,18
NeoformaInc_19991202_S-1A_EX-10.26_5224521_EX-10.26_Co-Branding Agreement,13370,60
CnsPharmaceuticalsInc_20200326_8-K_EX-10.1_12079626_EX-10.1_Development Agreement,3260,16
TELKOMSALTD_01_30_2003-EX-10-LICENCE AND MAINTENANCE AGREEMENT,16176,70
"TURNKEYCAPITAL,INC_07_20_2017-EX-1.1-Strategic Alliance Agreement",1988,9
"GWG HOLDINGS, INC. - ORDERLY MARKETING AGREEMENT",4177,20
"BELLRINGBRANDS,INC_02_07_2020-EX-10.18-MASTER SUPPLY AGREEMENT",5813,25
"VIVINT SOLAR, INC. - NON-COMPETITION AGREEMENT",506,3
CHAPARRALRESOURCESINC_03_30_2000-EX-10.66-TRANSPORTATION CONTRACT,3865,16
AFSALABANCORPINC_08_01_1996-EX-1.1-AGENCY AGREEMENT,17813,84
WatchitMediaInc_20061201_8-K_EX-10.1_4148672_EX-10.1_Content License Agreement,342,2
GentechHoldingsInc_20190808_1-A_EX1A-6 MAT CTRCT_11776814_EX1A-6 MAT CTRCT_Distributor Agreement,4097,18
USASYNTHETICFUELCORP_10_21_2010-EX-10.10-STRATEGIC ALLIANCE AGREEMENT,8033,37
AURASYSTEMSINC_06_16_2010-EX-10.25-STRATEGIC ALLIANCE AGREEMENT,6938,32
HarpoonTherapeuticsInc_20200312_10-K_EX-10.18_12051356_EX-10.18_Development Agreement,38518,171
SUMMAFOURINC_06_19_1998-EX-10.3-SOFTWARE LICENSE AND MAINTENANCE AGREEMENT,14158,61
"MJBIOTECH,INC_12_06_2018-EX-99.01-JOINT VENTURE AGREEMENT",3709,16
BellringBrandsInc_20190920_S-1_EX-10.12_11817081_EX-10.12_Manufacturing Agreement1,6565,29
"XACCT Technologies, Inc.SUPPORT AND MAINTENANCE AGREEMENT",1796,9
SEASPINEHOLDINGSCORP_10_10_2018-EX-10.1-SUPPLY AGREEMENT,10675,48
BNLFINANCIALCORP_03_30_2007-EX-10.8-OUTSOURCING AGREEMENT,6470,29
"Magenta Therapeutics, Inc. - Master Development and Manufacturing Agreement",11308,49
RemarkHoldingsInc_20081114_10-Q_EX-10.24_2895649_EX-10.24_Content License Agreement,9178,40
PFSFUNDS_06_26_2020-EX-99.H OTH MAT CONT-SERVICES AGREEMENT,2435,11
VIOLINMEMORYINC_12_12_2012-EX-10.14-SPONSORSHIP AGREEMENT,8499,37
ReynoldsConsumerProductsInc_20191115_S-1_EX-10.18_11896469_EX-10.18_Supply Agreement,9599,44
WPPPLC_04_30_2020-EX-4.28-SERVICE AGREEMENT,10958,48
TALCOTTRESOLUTIONLIFEINSURANCECO-SEPARATEACCOUNTTWELVE_04_30_2020-EX-99.8(L)-SERVICE AGREEMENT,4724,21
AMBASSADOREYEWEARGROUPINC_11_17_1997-EX-10.28-ENDORSEMENT AGREEMENT,5780,25
"HALITRON,INC_03_01_2005-EX-10.15-SPONSORSHIP AND DEVELOPMENT AGREEMENT",4429,21
CORIOINC_07_20_2000-EX-10.5-LICENSE AND HOSTING AGREEMENT,8396,36
ACCURAYINC_09_01_2010-EX-10.31-DISTRIBUTOR AGREEMENT,13349,59
AMERICASSHOPPINGMALLINC_12_10_1999-EX-10.2-SITE DEVELOPMENT AND HOSTING AGREEMENT,2892,13
ScansourceInc_20190509_10-Q_EX-10.2_11661422_EX-10.2_Distributor Agreement,2131,10
GULFSOUTHMEDICALSUPPLYINC_12_24_1997-EX-4-AFFILIATE AGREEMENT,2765,12
BellringBrandsInc_20190920_S-1_EX-10.12_11817081_EX-10.12_Manufacturing Agreement4,258,2
BloomEnergyCorp_20180321_DRSA (on S-1)_EX-10_11240356_EX-10_Maintenance Agreement,16116,74
ArconicRolledProductsCorp_20191217_10-12B_EX-2.7_11923804_EX-2.7_Trademark License Agreement,2828,13
"VISIUMTECHNOLOGIES,INC_10_20_2004-EX-10.20-DISTRIBUTOR AGREEMENT",7706,33
ZONDWINDSYSTEMPARTNERSLTDSERIES85-B_04_03_2006-EX-10-MANAGEMENT AND MAINTENANCE AGREEMENT,1368,7
GOCALLINC_03_30_2000-EX-10.7-Promotion Agreement,2983,13
"NETGEAR,INC_04_21_2003-EX-10.16-DISTRIBUTOR AGREEMENT",6029,26
FreezeTagInc_20180411_8-K_EX-10.1_11139603_EX-10.1_Sponsorship Agreement,4102,18
RevolutionMedicinesInc_20200117_S-1_EX-10.1_11948417_EX-10.1_Development Agreement,40936,185
VertexEnergyInc_20200113_8-K_EX-10.1_11943624_EX-10.1_Marketing Agreement,7280,34
XENCORINC_10_25_2013-EX-10.24-COLLABORATION AGREEMENT (3),20117,92
PrecheckHealthServicesInc_20200320_8-K_EX-99.2_12070169_EX-99.2_Distributor Agreement,970,5
MERITLIFEINSURANCECO_06_19_2020-EX-10.(XIV)-MASTER SERVICES AGREEMENT,3328,15
Freecook_20180605_S-1_EX-10.3_11233807_EX-10.3_Hosting Agreement,997,5
AtnInternationalInc_20191108_10-Q_EX-10.1_11878541_EX-10.1_Maintenance Agreement,34973,157
ElPolloLocoHoldingsInc_20200306_10-K_EX-10.16_12041700_EX-10.16_Development Agreement,9315,41
ELANDIAINTERNATIONALINC_04_25_2007-EX-10.21-Outsourcing Agreement,12396,54
KALLOINC_11_03_2011-EX-10.1-STRATEGIC ALLIANCE AGREEMENT,11172,48
URSCORPNEW_03_17_2014-EX-99-COOPERATION AGREEMENT,6004,26
LeadersonlineInc_20000427_S-1A_EX-10.8_4991089_EX-10.8_Co-Branding Agreement,8078,36
ULTRAGENYXPHARMACEUTICALINC_12_23_2013-EX-10.9-SUPPLY AGREEMENT,2274,10
ICORECONNECTINC_10_13_2010-EX-7.1-Strategic Alliance Agreement,3913,18
ArcaUsTreasuryFund_20200207_N-2_EX-99.K5_11971930_EX-99.K5_Development Agreement,2316,10
